<ImportExportXml version="9.2.25052.180" SolutionPackageVersion="9.2" languagecode="1033" generatedBy="CrmLive" xmlns:xsi="http://www.w3.org/2001/XMLSchema-instance" OrganizationVersion="9.2.25052.180" OrganizationSchemaType="Standard" CRMServerServiceabilityVersion="9.2.25052.00180">
  <SolutionManifest>
    <UniqueName>WBAMocks</UniqueName>
    <LocalizedNames>
      <LocalizedName description="WBAMocks" languagecode="1033" />
    </LocalizedNames>
    <Descriptions />
    <Version>1.0.0.8</Version>
    <Managed>1</Managed>
    <Publisher>
      <UniqueName>fiveminutepowerplatformtest</UniqueName>
      <LocalizedNames>
        <LocalizedName description="Five Minute Power Platform (test)" languagecode="1033" />
      </LocalizedNames>
      <Descriptions />
      <EMailAddress xsi:nil="true"></EMailAddress>
      <SupportingWebsiteUrl xsi:nil="true"></SupportingWebsiteUrl>
      <CustomizationPrefix>fmppt</CustomizationPrefix>
      <CustomizationOptionValuePrefix>81311</CustomizationOptionValuePrefix>
      <Addresses>
        <Address>
          <AddressNumber>1</AddressNumber>
          <AddressTypeCode>1</AddressTypeCode>
          <City xsi:nil="true"></City>
          <County xsi:nil="true"></County>
          <Country xsi:nil="true"></Country>
          <Fax xsi:nil="true"></Fax>
          <FreightTermsCode xsi:nil="true"></FreightTermsCode>
          <ImportSequenceNumber xsi:nil="true"></ImportSequenceNumber>
          <Latitude xsi:nil="true"></Latitude>
          <Line1 xsi:nil="true"></Line1>
          <Line2 xsi:nil="true"></Line2>
          <Line3 xsi:nil="true"></Line3>
          <Longitude xsi:nil="true"></Longitude>
          <Name xsi:nil="true"></Name>
          <PostalCode xsi:nil="true"></PostalCode>
          <PostOfficeBox xsi:nil="true"></PostOfficeBox>
          <PrimaryContactName xsi:nil="true"></PrimaryContactName>
          <ShippingMethodCode>1</ShippingMethodCode>
          <StateOrProvince xsi:nil="true"></StateOrProvince>
          <Telephone1 xsi:nil="true"></Telephone1>
          <Telephone2 xsi:nil="true"></Telephone2>
          <Telephone3 xsi:nil="true"></Telephone3>
          <TimeZoneRuleVersionNumber xsi:nil="true"></TimeZoneRuleVersionNumber>
          <UPSZone xsi:nil="true"></UPSZone>
          <UTCOffset xsi:nil="true"></UTCOffset>
          <UTCConversionTimeZoneCode xsi:nil="true"></UTCConversionTimeZoneCode>
        </Address>
        <Address>
          <AddressNumber>2</AddressNumber>
          <AddressTypeCode>1</AddressTypeCode>
          <City xsi:nil="true"></City>
          <County xsi:nil="true"></County>
          <Country xsi:nil="true"></Country>
          <Fax xsi:nil="true"></Fax>
          <FreightTermsCode xsi:nil="true"></FreightTermsCode>
          <ImportSequenceNumber xsi:nil="true"></ImportSequenceNumber>
          <Latitude xsi:nil="true"></Latitude>
          <Line1 xsi:nil="true"></Line1>
          <Line2 xsi:nil="true"></Line2>
          <Line3 xsi:nil="true"></Line3>
          <Longitude xsi:nil="true"></Longitude>
          <Name xsi:nil="true"></Name>
          <PostalCode xsi:nil="true"></PostalCode>
          <PostOfficeBox xsi:nil="true"></PostOfficeBox>
          <PrimaryContactName xsi:nil="true"></PrimaryContactName>
          <ShippingMethodCode>1</ShippingMethodCode>
          <StateOrProvince xsi:nil="true"></StateOrProvince>
          <Telephone1 xsi:nil="true"></Telephone1>
          <Telephone2 xsi:nil="true"></Telephone2>
          <Telephone3 xsi:nil="true"></Telephone3>
          <TimeZoneRuleVersionNumber xsi:nil="true"></TimeZoneRuleVersionNumber>
          <UPSZone xsi:nil="true"></UPSZone>
          <UTCOffset xsi:nil="true"></UTCOffset>
          <UTCConversionTimeZoneCode xsi:nil="true"></UTCConversionTimeZoneCode>
        </Address>
      </Addresses>
    </Publisher>
    <RootComponents>
      <RootComponent type="1" schemaName="contact" behavior="0" />
      <RootComponent type="1" schemaName="fmppt_credential" behavior="0" />
      <RootComponent type="1" schemaName="fmppt_language" behavior="0" />
      <RootComponent type="1" schemaName="fmppt_testrel" behavior="0" />
      <RootComponent type="1" schemaName="fmppt_wbastoredata" behavior="0" />
      <RootComponent type="1" schemaName="fmppt_weather" behavior="0" />
      <RootComponent type="9" schemaName="fmppt_credentialdescription" behavior="0" />
      <RootComponent type="9" schemaName="fmppt_credentialstatus" behavior="0" />
      <RootComponent type="9" schemaName="fmppt_langtest" behavior="0" />
      <RootComponent type="9" schemaName="fmppt_licensestate" behavior="0" />
      <RootComponent type="9" schemaName="fmppt_locationtype" behavior="0" />
      <RootComponent type="9" schemaName="fmppt_role" behavior="0" />
      <RootComponent type="29" id="{b71f79ce-16f1-ea11-a815-000d3af33756}" behavior="0" />
      <RootComponent type="61" schemaName="fmppt_IconCredential" behavior="0" />
      <RootComponent type="61" schemaName="fmppt_IconStore" behavior="0" />
      <RootComponent type="62" schemaName="fmppt_DataManagement" behavior="0" />
      <RootComponent type="80" schemaName="fmppt_DataManagement" behavior="0" />
      <RootComponent type="300" schemaName="fmppt_wbamock_ed862" behavior="0" />
      <RootComponent type="431" schemaName="contact entityimage" behavior="0" />
      <RootComponent type="431" schemaName="contact fmppt_photo" behavior="0" />
      <RootComponent type="432" schemaName="contact" behavior="0" />
    </RootComponents>
    <MissingDependencies>
      <MissingDependency>
        <Required type="1" schemaName="adx_bpf_c2857b638fa7473d8e2f112c232cebd8" displayName="Change Password for Portals Contact" solution="MicrosoftIdentity (9.2.2006.0)">
          <package appName="Portal Solution" version="9.2.2006.10">CDSStarterPortal (9.2.2006.10)</package>
        </Required>
        <Dependent type="1" schemaName="contact" displayName="Team Member" />
      </MissingDependency>
      <MissingDependency>
        <Required type="1" schemaName="adx_externalidentity" displayName="External Identity" solution="PowerPages_RuntimeCore (1.0.2407.1)">
          <package appName="Power Pages Core Package" version="1.0.2501.142">PowerPages_Core (1.0.2501.142)</package>
        </Required>
        <Dependent type="1" schemaName="contact" displayName="Team Member" />
      </MissingDependency>
      <MissingDependency>
        <Required type="1" schemaName="adx_invitation" displayName="Invitation" solution="PowerPages_RuntimeCore (1.0.2407.1)">
          <package appName="Power Pages Core Package" version="1.0.2501.142">PowerPages_Core (1.0.2501.142)</package>
        </Required>
        <Dependent type="1" schemaName="contact" displayName="Team Member" />
      </MissingDependency>
      <MissingDependency>
        <Required type="1" schemaName="adx_pagealert" displayName="Page Alert" solution="MicrosoftPortalBase (9.2.2006.10)">
          <package appName="Portal Solution" version="9.2.2006.10">CDSStarterPortal (9.2.2006.10)</package>
        </Required>
        <Dependent type="1" schemaName="contact" displayName="Team Member" />
      </MissingDependency>
      <MissingDependency>
        <Required type="1" schemaName="adx_pagenotification" displayName="Page Notification" solution="MicrosoftPortalBase (9.2.2006.10)">
          <package appName="Portal Solution" version="9.2.2006.10">CDSStarterPortal (9.2.2006.10)</package>
        </Required>
        <Dependent type="1" schemaName="contact" displayName="Team Member" />
      </MissingDependency>
      <MissingDependency>
        <Required type="1" schemaName="adx_pollsubmission" displayName="Poll Submission" solution="MicrosoftPortalBase (9.2.2006.10)">
          <package appName="Portal Solution" version="9.2.2006.10">CDSStarterPortal (9.2.2006.10)</package>
        </Required>
        <Dependent type="1" schemaName="contact" displayName="Team Member" />
      </MissingDependency>
      <MissingDependency>
        <Required type="1" schemaName="adx_webfilelog" displayName="Web File Log" solution="MicrosoftPortalBase (9.2.2006.10)">
          <package appName="Portal Solution" version="9.2.2006.10">CDSStarterPortal (9.2.2006.10)</package>
        </Required>
        <Dependent type="1" schemaName="contact" displayName="Team Member" />
      </MissingDependency>
      <MissingDependency>
        <Required type="1" schemaName="adx_webformsession" displayName="Web Form Session" solution="PowerPages_RuntimeCore (1.0.2407.1)">
          <package appName="Power Pages Core Package" version="1.0.2501.142">PowerPages_Core (1.0.2501.142)</package>
        </Required>
        <Dependent type="1" schemaName="contact" displayName="Team Member" />
      </MissingDependency>
      <MissingDependency>
        <Required type="1" schemaName="adx_webpage" displayName="Web Page" solution="MicrosoftPortalDependencies (9.2.10.0)">
          <package appName="Portal Solution" version="9.2.2006.10">CDSStarterPortal (9.2.2006.10)</package>
        </Required>
        <Dependent type="1" schemaName="contact" displayName="Team Member" />
      </MissingDependency>
      <MissingDependency>
        <Required type="1" schemaName="adx_webpagehistory" displayName="Web Page History" solution="MicrosoftPortalBase (9.2.2006.10)">
          <package appName="Portal Solution" version="9.2.2006.10">CDSStarterPortal (9.2.2006.10)</package>
        </Required>
        <Dependent type="1" schemaName="contact" displayName="Team Member" />
      </MissingDependency>
      <MissingDependency>
        <Required type="1" schemaName="adx_webpagelog" displayName="Web Page Log" solution="MicrosoftPortalBase (9.2.2006.10)">
          <package appName="Portal Solution" version="9.2.2006.10">CDSStarterPortal (9.2.2006.10)</package>
        </Required>
        <Dependent type="1" schemaName="contact" displayName="Team Member" />
      </MissingDependency>
      <MissingDependency>
        <Required type="1" schemaName="cra5a_role" displayName="Role" solution="Active" />
        <Dependent type="1" schemaName="contact" displayName="Team Member" />
      </MissingDependency>
      <MissingDependency>
        <Required type="1" schemaName="fmppt_applications" displayName="Applications" solution="Active" />
        <Dependent type="1" schemaName="contact" displayName="Team Member" />
      </MissingDependency>
      <MissingDependency>
        <Required type="1" schemaName="fmppt_manufacturer" displayName="Manufacturer" solution="Active" />
        <Dependent type="62" schemaName="fmppt_DataManagement" />
      </MissingDependency>
      <MissingDependency>
        <Required type="1" schemaName="fmppt_manufacturer" displayName="Manufacturer" solution="Active" />
        <Dependent type="80" schemaName="fmppt_DataManagement" displayName="Data Management" />
      </MissingDependency>
      <MissingDependency>
        <Required type="1" schemaName="powerpagessiteaifeedback" displayName="Power Pages Site AI Feedback" solution="PowerPages_RuntimeExtensions (1.1.2411.1)">
          <package appName="Power Pages Core Package" version="1.0.2501.142">PowerPages_Core (1.0.2501.142)</package>
        </Required>
        <Dependent type="1" schemaName="contact" displayName="Team Member" />
      </MissingDependency>
      <MissingDependency>
        <Required type="10" schemaName="adx_portallanguage_contact" displayName="adx_portallanguage_contact" parentSchemaName="adx_portallanguage" parentDisplayName="Portal Language" solution="MicrosoftPortalBase (9.2.2006.10)">
          <package appName="Portal Solution" version="9.2.2006.10">CDSStarterPortal (9.2.2006.10)</package>
        </Required>
        <Dependent type="60" displayName="Team Member Profile" parentDisplayName="Team Member" id="{5713628f-9fef-ea11-a815-000d3af3ac9d}" />
      </MissingDependency>
      <MissingDependency>
        <Required type="10" schemaName="adx_portallanguage_contact" displayName="adx_portallanguage_contact" parentSchemaName="adx_portallanguage" parentDisplayName="Portal Language" solution="MicrosoftPortalBase (9.2.2006.10)">
          <package appName="Portal Solution" version="9.2.2006.10">CDSStarterPortal (9.2.2006.10)</package>
        </Required>
        <Dependent type="60" displayName="Team Member Profile" parentDisplayName="Team Member" id="{765b2d51-2b0e-eb11-a813-000d3a3be299}" />
      </MissingDependency>
      <MissingDependency>
        <Required type="2" schemaName="adx_preferredlanguageid" displayName="Preferred Language" parentSchemaName="contact" parentDisplayName="Team Member" solution="MicrosoftPortalBase (9.2.2006.10)">
          <package appName="Portal Solution" version="9.2.2006.10">CDSStarterPortal (9.2.2006.10)</package>
        </Required>
        <Dependent type="60" displayName="Team Member Profile" parentDisplayName="Team Member" id="{5713628f-9fef-ea11-a815-000d3af3ac9d}" />
      </MissingDependency>
      <MissingDependency>
        <Required type="2" schemaName="adx_preferredlanguageid" displayName="Preferred Language" parentSchemaName="contact" parentDisplayName="Team Member" solution="MicrosoftPortalBase (9.2.2006.10)">
          <package appName="Portal Solution" version="9.2.2006.10">CDSStarterPortal (9.2.2006.10)</package>
        </Required>
        <Dependent type="60" displayName="Team Member Profile" parentDisplayName="Team Member" id="{765b2d51-2b0e-eb11-a813-000d3a3be299}" />
      </MissingDependency>
      <MissingDependency>
        <Required type="2" schemaName="fmppt_name" displayName="Walgreens Drug Name" parentSchemaName="fmppt_product" parentDisplayName="Product" solution="Active" />
        <Dependent type="10" schemaName="fmppt_Product_BlockedStores_fmppt_WBAStor" displayName="fmppt_Product_BlockedStores_fmppt_WBAStor" parentSchemaName="fmppt_product" parentDisplayName="Product" />
      </MissingDependency>
      <MissingDependency>
        <Required type="2" schemaName="fmppt_name" displayName="Walgreens Drug Name" parentSchemaName="fmppt_product" parentDisplayName="Product" solution="Active" />
        <Dependent type="10" schemaName="fmppt_Product_LimitedDistributionStores_f" displayName="fmppt_Product_LimitedDistributionStores_f" parentSchemaName="fmppt_product" parentDisplayName="Product" />
      </MissingDependency>
      <MissingDependency>
        <Required type="2" schemaName="rxr_name" displayName="Name" parentSchemaName="rxr_store" parentDisplayName="Store" solution="Active" />
        <Dependent type="10" schemaName="rxr_Store_WeeklyAllocation_fmppt_WBAStore" displayName="rxr_Store_WeeklyAllocation_fmppt_WBAStore" parentSchemaName="rxr_store" parentDisplayName="Store" />
      </MissingDependency>
      <MissingDependency>
        <Required type="2" schemaName="rxr_name" displayName="Name" parentSchemaName="rxr_vaccinemodel" parentDisplayName="Vaccine Model" solution="Active" />
        <Dependent type="10" schemaName="rxr_VaccineModel_rxr_VaccineModel_fmppt_W" displayName="rxr_VaccineModel_rxr_VaccineModel_fmppt_W" parentSchemaName="rxr_vaccinemodel" parentDisplayName="Vaccine Model" />
      </MissingDependency>
      <MissingDependency>
        <Required type="61" schemaName="AppCommon/Contact/Contact_main_system_library.js" displayName="AppCommon/Contact/Contact_main_system_library.js" solution="msdynce_AppCommon (9.0.4.0066)">
          <package appName="msdynce_AppCommon" version="9.0.25051.10001">msdynce_AppCommonAnchor (9.0.25051.10001)</package>
        </Required>
        <Dependent type="60" displayName="Team Member Profile" parentDisplayName="Team Member" id="{765b2d51-2b0e-eb11-a813-000d3a3be299}" />
      </MissingDependency>
      <MissingDependency>
        <Required type="61" schemaName="msdyn_/Images/AppModule_Default_Icon.png" displayName="msdyn_/Images/AppModule_Default_Icon.png" solution="AppModuleWebResources (2.5)" />
        <Dependent type="80" schemaName="fmppt_DataManagement" displayName="Data Management" />
      </MissingDependency>
      <MissingDependency>
        <Required type="66" schemaName="MscrmControls.Grid.GridControl" displayName="MscrmControls.Grid.GridControl" solution="BaseCustomControlsCore (9.0.2505.2017)">
          <package appName="Base Custom Controls" version="9.0.2505.2017">BaseCustomControlsCore (9.0.2505.2017)</package>
        </Required>
        <Dependent type="60" displayName="Team Member Profile" parentDisplayName="Team Member" id="{5713628f-9fef-ea11-a815-000d3af3ac9d}" />
      </MissingDependency>
    </MissingDependencies>
  </SolutionManifest>
</ImportExportXml>