{
  "properties": {
    "connectionReferences": {
      "shared_commondataserviceforapps": {
        "runtimeSource": "embedded",
        "connection": {},
        "api": {
          "name": "shared_commondataserviceforapps"
        }
      },
      "shared_msnweather": {
        "runtimeSource": "embedded",
        "connection": {},
        "api": {
          "name": "shared_msnweather"
        }
      }
    },
    "definition": {
      "$schema": "https://schema.management.azure.com/providers/Microsoft.Logic/schemas/2016-06-01/workflowdefinition.json#",
      "contentVersion": "1.0.0.0",
      "parameters": {
        "$connections": {
          "defaultValue": {},
          "type": "Object"
        },
        "$authentication": {
          "defaultValue": {},
          "type": "SecureObject"
        }
      },
      "triggers": {
        "Recurrence": {
          "recurrence": {
            "frequency": "Day",
            "interval": 1
          },
          "type": "Recurrence"
        }
      },
      "actions": {
        "List_records": {
          "runAfter": {},
          "type": "OpenApiConnection",
          "inputs": {
            "host": {
              "connectionName": "shared_commondataserviceforapps",
              "operationId": "ListRecords",
              "apiId": "/providers/Microsoft.PowerApps/apis/shared_commondataserviceforapps"
            },
            "parameters": {
              "entityName": "fmppt_weathers"
            },
            "authentication": "@parameters('$authentication')"
          }
        },
        "Apply_to_each": {
          "foreach": "@outputs('List_records')?['body/value']",
          "actions": {
            "Get_forecast_for_today": {
              "runAfter": {},
              "type": "OpenApiConnection",
              "inputs": {
                "host": {
                  "connectionName": "shared_msnweather",
                  "operationId": "TodaysForecast",
                  "apiId": "/providers/Microsoft.PowerApps/apis/shared_msnweather"
                },
                "parameters": {
                  "Location": "@items('Apply_to_each')?['fmppt_city']",
                  "units": "Imperial"
                },
                "authentication": "@parameters('$authentication')"
              }
            },
            "Get_current_weather": {
              "runAfter": {
                "Get_forecast_for_today": [
                  "Succeeded"
                ]
              },
              "type": "OpenApiConnection",
              "inputs": {
                "host": {
                  "connectionName": "shared_msnweather",
                  "operationId": "CurrentWeather",
                  "apiId": "/providers/Microsoft.PowerApps/apis/shared_msnweather"
                },
                "parameters": {
                  "Location": "@items('Apply_to_each')?['fmppt_city']",
                  "units": "Imperial"
                },
                "authentication": "@parameters('$authentication')"
              }
            },
            "Update_a_record": {
              "runAfter": {
                "Get_current_weather": [
                  "Succeeded"
                ]
              },
              "type": "OpenApiConnection",
              "inputs": {
                "host": {
                  "connectionName": "shared_commondataserviceforapps",
                  "operationId": "UpdateRecord",
                  "apiId": "/providers/Microsoft.PowerApps/apis/shared_commondataserviceforapps"
                },
                "parameters": {
                  "entityName": "fmppt_weathers",
                  "recordId": "@items('Apply_to_each')?['fmppt_weatherid']",
                  "item/fmppt_currenttempf": "@outputs('Get_current_weather')?['body/responses/weather/current/temp']",
                  "item/fmppt_maxforecastf": "@outputs('Get_forecast_for_today')?['body/responses/daily/tempHi']",
                  "item/fmppt_minforecastf": "@outputs('Get_forecast_for_today')?['body/responses/daily/tempLo']"
                },
                "authentication": "@parameters('$authentication')"
              }
            }
          },
          "runAfter": {
            "List_records": [
              "Succeeded"
            ]
          },
          "type": "Foreach"
        }
      },
      "outputs": {}
    },
    "templateName": null
  },
  "schemaVersion": "1.0.0.0"
}